id,first_name,last_name
zzzz_prof,zzzz_firstName,zzzz_lastName
zzzy_prof,zzzy_firstName,zzzy_lastName
zzzx_prof,zzzx_firstName,zzzx_lastName
zzzw_prof,zzzw_firstName,zzzw_lastName
zzzv_prof,zzzv_firstName,zzzv_lastName
zzzu_prof,zzzu_firstName,zzzu_lastName
zzzt_prof,zzzt_firstName,zzzt_lastName
zzzs_prof,zzzs_firstName,zzzs_lastName
zzzr_prof,zzzr_firstName,zzzr_lastName
zzzq_prof,zzzq_firstName,zzzq_lastName
zzzp_prof,zzzp_firstName,zzzp_lastName
zzzo_prof,zzzo_firstName,zzzo_lastName
zzzn_prof,zzzn_firstName,zzzn_lastName
zzzm_prof,zzzm_firstName,zzzm_lastName
zzzl_prof,zzzl_firstName,zzzl_lastName
zzzk_prof,zzzk_firstName,zzzk_lastName
zzzj_prof,zzzj_firstName,zzzj_lastName
zzzi_prof,zzzi_firstName,zzzi_lastName
zzzh_prof,zzzh_firstName,zzzh_lastName
zzzg_prof,zzzg_firstName,zzzg_lastName
zzzf_prof,zzzf_firstName,zzzf_lastName
zzze_prof,zzze_firstName,zzze_lastName
zzzd_prof,zzzd_firstName,zzzd_lastName
zzzc_prof,zzzc_firstName,zzzc_lastName
zzzb_prof,zzzb_firstName,zzzb_lastName
zzza_prof,zzza_firstName,zzza_lastName
zzyz_prof,zzyz_firstName,zzyz_lastName
zzyy_prof,zzyy_firstName,zzyy_lastName
zzyx_prof,zzyx_firstName,zzyx_lastName
zzyw_prof,zzyw_firstName,zzyw_lastName
zzyv_prof,zzyv_firstName,zzyv_lastName
zzyu_prof,zzyu_firstName,zzyu_lastName
zzyt_prof,zzyt_firstName,zzyt_lastName
zzys_prof,zzys_firstName,zzys_lastName
zzyr_prof,zzyr_firstName,zzyr_lastName
zzyq_prof,zzyq_firstName,zzyq_lastName
zzyp_prof,zzyp_firstName,zzyp_lastName
zzyo_prof,zzyo_firstName,zzyo_lastName
zzyn_prof,zzyn_firstName,zzyn_lastName
zzym_prof,zzym_firstName,zzym_lastName
zzyl_prof,zzyl_firstName,zzyl_lastName
zzyk_prof,zzyk_firstName,zzyk_lastName
zzyj_prof,zzyj_firstName,zzyj_lastName
zzyi_prof,zzyi_firstName,zzyi_lastName
zzyh_prof,zzyh_firstName,zzyh_lastName
zzyg_prof,zzyg_firstName,zzyg_lastName
zzyf_prof,zzyf_firstName,zzyf_lastName
zzye_prof,zzye_firstName,zzye_lastName
zzyd_prof,zzyd_firstName,zzyd_lastName
zzyc_prof,zzyc_firstName,zzyc_lastName
zzyb_prof,zzyb_firstName,zzyb_lastName
zzya_prof,zzya_firstName,zzya_lastName
zzxz_prof,zzxz_firstName,zzxz_lastName
zzxy_prof,zzxy_firstName,zzxy_lastName
zzxx_prof,zzxx_firstName,zzxx_lastName
zzxw_prof,zzxw_firstName,zzxw_lastName
zzxv_prof,zzxv_firstName,zzxv_lastName
zzxu_prof,zzxu_firstName,zzxu_lastName
zzxt_prof,zzxt_firstName,zzxt_lastName
zzxs_prof,zzxs_firstName,zzxs_lastName
